"sym","prc","action","txid","datetime","accid","qty"
"CSV",54.35,"buy","e10d3c64-58b4-49e1-b8ce-5741969f11ee","2021-11-24T09:06:19",13,1
"MET",62.87,"buy","41bc7202-288d-4061-8c85-fd3ceffd2e2b","2021-11-24T09:13:26",10,8
"ABT",124.79,"buy","309031bf-8c86-4913-b13c-0683205f33cf","2021-11-24T10:37:00",6,1
"TSLA",1111.2,"buy","680dca0d-2a61-487f-b080-4098e23f239c","2021-11-24T10:47:23",7,14
"FB",340.31,"buy","40ac77b3-7c0c-4a17-a32e-996411682822","2021-11-24T11:23:25",2,19
"ETR",106.33,"buy","e2975626-38ac-47bd-82ae-0cb505374bc2","2021-11-24T11:33:55",4,10
"L",56.73,"buy","6c589b8e-0cf2-44ea-95a3-3b0d75d6d54e","2021-11-24T12:20:42",11,6
"TSLA",1083.72,"buy","26d91bd4-e2ab-47f5-a0f9-d18280cfc5ae","2021-11-24T12:45:49",9,8
"ABT",124.69,"buy","1a948bd3-c9e3-443f-b059-e4e2a6fbae36","2021-11-24T12:45:53",13,6
"CSV",54.72,"buy","69f30ba1-7546-4af0-add9-91468e1498f0","2021-11-24T14:49:18",5,19
"SBUX",110.46,"buy","37b925bb-59bb-4b15-b9e1-93396546c6f9","2021-11-26T14:45:12",11,9
"L",55.27,"buy","9368f6d8-15a2-476f-b31b-966b2e4fc09e","2021-11-29T09:27:38",8,1
"MET",59.77,"buy","bd8a3051-94fa-4bd5-959e-93dd3eeb12ef","2021-11-29T10:01:01",6,6
"CSV",53.16,"buy","6afe43d8-1edf-42be-becf-a07239c5f9ef","2021-11-29T10:35:46",10,13
"ETR",103.88,"buy","ce7b9718-4396-4761-b0b1-8194cd54248b","2021-11-29T11:24:53",5,17
"CSV",53.05,"buy","b9bb7456-640e-4073-9623-2af12498aaef","2021-11-29T14:52:50",1,13
"MET",60.94,"buy","12ea6903-aa59-4e95-92aa-29742c519c12","2021-11-29T15:09:46",3,14
"MET",60.6,"buy","6d94a767-2f2e-41f9-8ba9-726e0cef16ae","2021-11-29T15:45:15",4,12
"L",54.28,"buy","2e496b0e-d7a3-4aa7-a179-16cccd353209","2021-12-01T09:49:07",6,2
"MET",57.46,"buy","1cca94c0-4680-48a6-8ea4-79fdeded8752","2021-12-01T10:18:12",7,5
"FB",326.28,"buy","545620d2-f91b-4516-94cb-a4f78bfc5c84","2021-12-01T11:51:15",5,19
"ABT",127.49,"buy","851bf575-6ea5-46ee-b66b-0a99f37c03c1","2021-12-01T14:15:03",2,16
"CSV",52.3,"buy","3f0c2646-b4eb-45ae-b485-31955c1094b7","2021-12-01T14:26:01",3,14
"CSV",53.61,"buy","826cc13a-b535-4055-b302-b60db4fc0cd3","2021-12-02T09:00:29",4,18
"ABT",127.14,"buy","e9d3b491-997e-4dda-9f6c-a57811d43726","2021-12-02T09:45:27",8,1
"FB",311.59,"buy","552b01e6-bf61-47c4-b829-5c808a0fb7a9","2021-12-02T09:47:53",10,18
"ABT",127.71,"buy","9bc95a3e-8b07-42c9-8aad-937d3eeab1a2","2021-12-02T11:00:38",9,17
"FB",313.27,"sell","2325314f-b15b-4d76-a8fe-0381fe19e029","2021-12-02T11:19:26",2,1
"SBUX",110.16,"buy","d128b392-62b6-4f33-ace3-ad0a149008c2","2021-12-02T11:24:39",7,12
"TSLA",1093.29,"buy","488821f4-5638-4959-ad2b-4d4ac8cd718b","2021-12-02T11:34:37",11,9
"MET",58.98,"buy","76c54736-39b5-44e2-a25a-144217cc86e6","2021-12-02T11:41:15",12,1
"L",55.27,"buy","c4551437-9add-480c-91c3-979e7c28dcc1","2021-12-02T11:54:47",5,5
"ABT",127.08,"sell","c5316feb-f3da-4d70-ae4d-6263585f2892","2021-12-02T12:36:58",6,1
"SBUX",109.4,"buy","67bafb83-0aad-4333-bd04-e02cc95f98ee","2021-12-02T14:16:05",3,11
"CSV",52.92,"sell","166b49aa-34f7-42ad-ab6b-33b6ee6233c5","2021-12-02T14:55:04",1,4
"ABT",129.6,"buy","cf7a6aba-c8ab-44bc-a49f-b1e9842b9a31","2021-12-03T13:41:44",9,10
"L",55.5,"buy","558fdf02-6a06-4ee9-aeb6-b4c7fb3f746e","2021-12-03T14:01:22",3,12
"TSLA",976.8,"buy","f5ce1cb1-d442-4997-89dd-44b270f2298f","2021-12-06T10:16:46",13,13
"CSV",53.71,"buy","ee99189a-5f06-4e80-a622-98926571935d","2021-12-06T11:23:18",5,5
"ABT",131.06,"buy","7a299573-945b-47c4-b7c5-d81498311ce3","2021-12-06T12:22:32",7,4
"L",56.64,"sell","23aca26a-66c5-4ccf-af4e-e128ab16c3ed","2021-12-06T13:57:09",3,2
"ETR",104.66,"buy","7c426fe5-cf10-40f7-8cf8-b91b25d3860f","2021-12-06T14:09:15",12,19
"ABT",133.26,"buy","e051c5ca-a371-498f-acef-38db28610c16","2021-12-08T09:46:56",14,17
"ETR",106.14,"buy","345ce5bc-2734-40ce-b532-a5b18ad9ed51","2021-12-08T11:24:07",8,9
"SBUX",115.33,"buy","c369f93a-ad13-430a-86bf-837e4d9b32f1","2021-12-08T13:57:08",10,5
"SBUX",115.56,"buy","ce421044-fcee-49b3-98cb-079587d437bc","2021-12-08T15:26:31",4,2
"ETR",105.18,"buy","f992420d-98b3-4d87-88cb-99ee9b84e1da","2021-12-09T10:51:09",1,8
"ETR",106.97,"buy","288739d6-eed1-42f5-a27b-7574f4a898b0","2021-12-09T11:33:58",14,13
"ETR",106.19,"sell","b41717ff-14f3-4ff4-a45b-9f58be8f2aa9","2021-12-09T13:33:35",12,1
"ETR",107.17,"buy","e5df9941-9a90-47ee-8f22-31fe01a140b4","2021-12-09T14:00:18",3,4
"ETR",105.9,"buy","ffc24a66-c940-4233-9b0c-fc536d94a2b5","2021-12-09T15:05:36",10,6
"FB",335.04,"buy","c146c6d4-c39d-4d71-968c-a91e15fee600","2021-12-09T15:46:53",9,16
"SBUX",116.51,"buy","d839146f-50ed-4f66-910a-9723bd8da378","2021-12-10T09:52:48",4,8
"FB",333.14,"buy","a763d257-f0a0-43a5-9b86-6ae7e5b687a2","2021-12-10T12:04:11",11,18
"ETR",106.95,"buy","fbb0accf-0b26-4fb5-8b38-9e956447b1d3","2021-12-10T12:19:28",9,11
"L",56.91,"buy","e9c412f3-1b12-46a1-a765-a3f71dc32e84","2021-12-10T13:25:58",14,19
"FB",337.38,"sell","32b2a99a-d27c-409f-9ead-618a232b8af8","2021-12-13T09:50:09",5,19
"SBUX",116.46,"sell","2ea9ebf1-a212-4647-a3c8-85256b9457eb","2021-12-13T11:22:25",7,7
"ABT",135.81,"buy","851c9555-eb1f-4bd1-aeca-f1d9f15bf23d","2021-12-13T11:54:40",9,11
"L",56.35,"sell","1c891979-ad7a-43bd-81d3-cd0d9d7a41df","2021-12-13T12:07:30",3,2
"TSLA",999.67,"buy","1f31b4c1-bce3-4d46-be21-8901993042fe","2021-12-13T12:21:53",2,16
"L",56.81,"sell","183b4a9b-580b-4106-9373-c3136184a889","2021-12-13T13:34:03",8,1
"MET",60.44,"buy","966c5981-405e-43dc-aafb-132c070ec3ac","2021-12-13T13:35:53",13,20
"FB",337.72,"buy","9762fae4-cc3b-4a51-b9aa-eda41994cc69","2021-12-15T10:38:25",14,3
"FB",326.4,"buy","f96f85c5-c8ab-465f-936b-3a3b38102c22","2021-12-15T11:07:28",7,16
"L",56.96,"sell","27fe29d5-1c4e-4be3-a1d1-b7967884265e","2021-12-15T12:04:08",6,1
"SBUX",114.98,"buy","537333d6-e6ec-4b3b-8933-da081b3f3ad4","2021-12-15T13:31:06",1,11
"SBUX",114.5,"buy","653433c1-a095-4dd8-9fd3-a0d134f13c7f","2021-12-15T14:00:55",10,13
"ABT",133.7,"buy","59c2b299-df02-491f-be35-8f6fe1883e6c","2021-12-15T14:34:24",12,19
"L",57.69,"sell","654a2f4e-03f3-4d9d-8538-e513b1b62757","2021-12-16T09:09:16",14,9
"ETR",111.4,"buy","c93b7fd7-20c8-48fb-a8dc-7cac1e4984f0","2021-12-16T10:51:41",12,9
"ABT",135.92,"buy","3026d2b9-c4dc-4e58-abb6-afe86de86eb1","2021-12-16T11:31:14",7,6
"ABT",135.78,"buy","e7835dfc-9699-4788-a98c-e80aa1482755","2021-12-16T12:39:04",4,7
"L",58.15,"buy","1b15bbe5-eae2-485b-a43a-b06818c58fbc","2021-12-16T13:26:38",13,1
"CSV",58.78,"sell","5d6fc39f-8986-49c9-aa00-7d21f0be16e5","2021-12-17T10:49:09",10,11
"L",57.2,"buy","d9bd663d-23aa-49e1-93d5-2544f7922a54","2021-12-17T10:58:31",8,1
"ETR",110.45,"buy","4b36166d-fe9a-44c1-bbc4-9415e4a87818","2021-12-17T11:30:40",13,17
"TSLA",925.5,"sell","6102add0-357f-44ad-9e30-2a64ea585fd0","2021-12-17T13:53:39",7,6
"ETR",109.8,"buy","d0e754aa-3785-42a0-939f-86a6f471f003","2021-12-17T15:31:47",14,4
"L",55.42,"buy","9584356f-dfda-4a4e-b622-70da2ff3d585","2021-12-20T10:23:21",3,1
"ABT",134.44,"buy","39ee8f6a-1b83-4757-937f-75c1ef142d0b","2021-12-20T11:00:47",10,4
"L",56.34,"buy","55166c01-e724-43d9-80a4-1eb4d1db8eb7","2021-12-22T13:48:04",10,11
"MET",61.04,"buy","800c6e31-55cd-43b8-a5bd-9904dbcfaf39","2021-12-22T14:06:33",11,19
"SBUX",110.07,"buy","03c41277-feb3-4948-a065-76f3ee3a096f","2021-12-22T14:20:11",3,18
"ABT",139.15,"buy","8187ed50-8c96-4a8a-9463-d7b83eca9c8b","2021-12-23T10:27:16",11,15
"MET",61.62,"sell","bb4ae735-ce61-428e-9f65-6a5d154ce1b3","2021-12-23T10:31:14",4,12
"ETR",110.04,"buy","755950e3-f783-4568-838c-a1dc8e697e17","2021-12-23T11:31:14",7,17
"SBUX",112.3,"buy","c79a768c-f8d7-40b7-8e05-a604b6922550","2021-12-23T11:52:08",14,9
"TSLA",1044.85,"buy","ebfccfdf-d3de-4dbf-a903-a264aa795afa","2021-12-23T12:21:43",10,9
"FB",332.09,"buy","60c256ec-84c2-42d1-b7c0-fac8e3830a07","2021-12-23T13:21:52",1,4
"CSV",63.26,"buy","3a7c0e9d-5b4d-4526-bb05-3e8fbe6760d4","2021-12-23T14:30:58",5,1
"L",57.42,"buy","0e8f5ab9-d7da-4f2d-a9e5-e195e15b3648","2021-12-23T14:31:27",2,4
"FB",338.96,"buy","a9976bcc-447c-4776-a512-422ca797b327","2021-12-27T09:23:09",12,10
"L",57.27,"buy","5477235d-1ba3-4ad9-9235-0d4acfb57d2a","2021-12-27T09:30:20",7,1
"MET",62.04,"buy","ce7baffa-794f-4c44-b34a-897cca1692f4","2021-12-27T12:57:27",6,4
"ETR",109.8,"sell","91ff820c-f300-4aae-96c9-f2bc608193e7","2021-12-27T13:51:24",1,4
"ETR",110.03,"buy","89c8f10b-6a96-4b6a-b40e-26bc695c11f1","2021-12-27T14:04:16",11,6
"FB",347.1,"buy","9dad3202-000f-47fe-b13d-d861562863f4","2021-12-28T09:35:27",5,7
"CSV",65.64,"buy","b6f45369-35a6-4556-8484-8aad35fa22e5","2021-12-28T10:40:36",2,5
"CSV",64.91,"buy","4ecfec15-bc76-48cd-bea7-db8d3aa19063","2021-12-28T11:08:22",8,9
"ETR",111.43,"buy","48a7bc5d-b474-4251-a06e-284eba747983","2021-12-28T12:15:41",6,8
"FB",343.42,"buy","6d81df6d-4370-40cd-a282-6b392f534b1e","2021-12-30T09:42:40",5,6
"SBUX",116.84,"buy","1c7158fd-e290-4edb-9d97-5db9339f1ce4","2021-12-30T09:53:16",6,19
"MET",63.0,"buy","1d6fe725-adda-4085-954b-4684b960dc7a","2021-12-30T14:57:32",9,13
"SBUX",116.75,"sell","d3b3054f-e9b3-48a4-acf2-32f458ecea18","2021-12-30T15:25:34",10,1
"MET",62.36,"buy","448eb8e6-1ed7-4eba-8607-1b4e3b26af0e","2021-12-31T09:36:49",7,14
"SBUX",115.83,"buy","77fb5321-9a9f-45ab-af22-3a81fc154c2c","2021-12-31T11:17:49",13,9
"FB",337.09,"buy","5d9f1843-e9bd-4d0a-affe-fe2d7ed0d331","2021-12-31T13:01:38",6,12
"CSV",65.21,"buy","1c89e8bf-9f0e-4bb0-bba2-067e9b6a9d4c","2021-12-31T15:47:20",14,12
"MET",63.11,"buy","c14c932d-77c0-45de-9d6a-6b348f86af48","2022-01-03T09:51:05",2,3
"CSV",63.49,"buy","a41cc2d7-5d27-4e91-b7e8-086b9f04912d","2022-01-03T10:46:20",7,9
"SBUX",115.15,"buy","39384aa9-a7a9-4ad7-b1aa-53b86b08f974","2022-01-03T11:55:51",6,20
"ABT",138.31,"buy","abde615e-2c00-4167-82fe-7d1b7dedad77","2022-01-03T14:50:34",5,17
"MET",63.98,"buy","e9317e9b-0314-469e-b1d4-ccbccfbf457a","2022-01-04T10:45:25",6,2
"SBUX",114.24,"buy","0fb83120-6e13-49fb-9860-af78909c88bd","2022-01-04T11:53:55",11,2
"SBUX",115.46,"sell","fdfffbd2-74de-4fab-b8f8-4ac54fea7d43","2022-01-04T12:53:55",10,10
"TSLA",1081.08,"buy","5fdcabcc-07b8-4856-b3e7-88bcd6171361","2022-01-06T11:10:24",3,19
"ABT",134.25,"buy","09594bad-7a51-4ce3-9697-d252d8c36325","2022-01-06T11:27:06",4,12
"ABT",135.98,"sell","4442dd0a-8e19-498e-8312-b36e7eb4b12b","2022-01-07T09:00:24",7,2
"ETR",109.15,"buy","1f3204d0-38ff-416b-8871-a2183e2991b8","2022-01-07T10:40:16",14,16
"MET",66.68,"buy","18ea51b9-9d6d-4a79-a6b8-425e1d1cdad3","2022-01-07T11:18:00",5,9
"MET",66.71,"buy","f441ec81-4ea0-464b-88f4-f377764cfa0a","2022-01-07T15:45:45",11,5
"L",60.54,"buy","fc606ad7-fa04-4c68-a1a1-4d186b5ec093","2022-01-10T10:12:52",1,10
"FB",319.63,"sell","bc1253dd-eaae-4e46-ac6e-f360a77c8a9b","2022-01-10T10:16:32",9,13
"ABT",135.21,"buy","2bc28495-3224-4960-8fb1-eb6ff477d30b","2022-01-10T11:41:01",13,15
"ETR",111.85,"buy","29d482a7-f3bd-413d-852f-c7b977a06355","2022-01-10T12:00:06",2,2
"ABT",134.46,"buy","87ef4b3f-fe34-456e-b1dd-dc271f6fab2a","2022-01-10T13:48:36",11,15
"FB",320.46,"buy","2250f6fe-1014-4e40-af85-95a7d6e38bf9","2022-01-10T14:18:49",4,7
"ABT",134.14,"buy","208f9604-ee56-48f6-823f-896c66ece99a","2022-01-11T11:32:15",3,8
"ABT",135.91,"buy","641cead2-7508-4965-9cda-6d43257e49db","2022-01-11T12:04:05",1,9
"MET",68.26,"buy","90b2867a-57ed-4893-b325-7b29a20b6b9f","2022-01-12T09:34:25",11,3
"CSV",58.18,"sell","71b04ad8-ada0-4cc9-ac30-456b02c28b2b","2022-01-12T09:47:29",7,9
"SBUX",104.48,"buy","9b6dd87c-5392-4c6c-b889-4c9b78919b01","2022-01-12T11:14:01",4,9
"CSV",57.31,"buy","14e1cbcd-f91e-4a07-86ae-50e050f358b1","2022-01-12T12:06:45",6,13
"TSLA",1088.92,"buy","aae61df3-3deb-4f5d-a425-0e2b8c6367ce","2022-01-12T15:48:04",8,14
"FB",326.16,"buy","89efae92-64c5-42e8-9ef7-0b77d7da778e","2022-01-14T09:55:37",8,17
"ETR",110.27,"sell","b51eef82-35ae-460b-abce-3357338f7140","2022-01-14T13:11:14",7,10
"ETR",110.41,"buy","ebb64f17-e9a8-40bd-b770-c4cd75d8eb70","2022-01-14T14:02:55",3,14
"ETR",108.34,"buy","9b3c8479-7479-4704-bb31-c3a33c8c32ab","2022-01-18T12:13:24",7,1
"SBUX",98.24,"buy","fac9726d-d036-4652-a181-52e0d1ad2376","2022-01-18T12:26:10",6,11
"MET",68.09,"sell","d34d43fc-a6cb-4d35-872d-69a6112e29b5","2022-01-18T13:35:20",5,2
"L",60.35,"sell","552b5842-9a28-4d5c-a27a-36d5447f49d6","2022-01-19T09:06:29",13,1
"CSV",55.18,"buy","3443fa64-500b-4b89-86a7-36da94ce4e7b","2022-01-19T09:37:22",7,9
"FB",321.18,"buy","15c1d6d7-d414-46ff-af14-1cd5cda45fd2","2022-01-19T11:09:40",6,12
"L",60.8,"sell","5cbfc536-ce9f-4759-af97-08215479a716","2022-01-19T15:32:09",5,5
"ABT",126.69,"sell","b557cc44-cea2-44ed-8e89-386968f42be3","2022-01-19T15:58:32",9,11
"L",59.24,"sell","9413fe8b-db70-4e7a-bfbe-e590e56c6d34","2022-01-20T09:16:06",7,1
"SBUX",98.85,"buy","d4e78970-3653-43b6-b858-778ad1d90b3d","2022-01-20T09:40:49",12,15
"ABT",125.93,"buy","fbcfe3b6-c621-4c40-85af-01c1140b435b","2022-01-20T10:26:19",3,3
"TSLA",1012.36,"buy","3848779d-6755-4812-b7ed-575edc2a2d01","2022-01-20T10:46:26",4,4
"MET",67.19,"sell","beaa73b4-551a-48ba-a758-bc944888a549","2022-01-20T13:51:51",5,3
"ABT",125.02,"sell","ee8b220f-c47d-4698-a23e-46460fd0bb17","2022-01-20T15:34:43",1,9
"L",58.78,"buy","1326cdf9-98ff-4a2a-ade7-d07a0d7a4dcd","2022-01-24T09:24:41",10,5
"MET",63.2,"buy","9e28d76c-f53f-4db1-8f78-7da90ed7906e","2022-01-24T11:33:51",1,17
"ABT",123.74,"buy","a8ad93f0-f59a-4deb-a049-5ef9d5384b4e","2022-01-24T11:35:08",13,20
"TSLA",911.13,"sell","c074d8fc-a5ef-42db-8676-56c7f3b7b84d","2022-01-24T12:13:36",7,4
"SBUX",94.73,"buy","70813150-e939-4f78-aa4f-a35426e1eaef","2022-01-24T12:19:29",9,9
"ABT",122.65,"sell","108a5f11-3799-4640-894a-1bbd2d410b9c","2022-01-24T13:53:45",8,1
"ETR",106.15,"buy","48f6a94e-f169-4724-ba0d-b340e3602f7c","2022-01-24T14:12:40",5,6
"FB",299.06,"sell","f9e2ba3b-445c-414d-8010-0c2cdca00c3e","2022-01-24T14:33:12",12,10
"TSLA",926.91,"buy","3209926a-68da-4d50-8610-2b96d6505e68","2022-01-25T09:12:14",11,6
"L",57.64,"buy","32b4013c-23cd-4e09-a8b8-18b310e5ad02","2022-01-25T09:46:47",5,16
"ABT",122.08,"buy","abce2ce4-af76-44f2-839b-40ec5c07da57","2022-01-25T14:16:12",12,13
"MET",64.19,"buy","8c3249df-bec4-4d67-a6d6-64cc93fe64bc","2022-01-25T15:37:45",2,16
"SBUX",95.35,"buy","9050a076-1a43-4ea7-a12a-0d2d0ffc44f2","2022-01-26T10:38:31",12,13
"CSV",50.0,"buy","08c456b7-ad27-46af-8091-efefdccf1ccd","2022-01-26T11:29:44",9,7
"L",59.13,"buy","f29c5a16-afe0-4cb7-9936-8112bbbf236f","2022-01-26T13:07:35",7,17
"ETR",107.09,"sell","04dc6ddc-d904-4cfa-84ab-9dca8b38b7b8","2022-01-26T13:17:28",1,4
"ETR",106.8,"sell","77edbaff-16df-4a93-8520-551954cca579","2022-01-26T13:44:47",8,8
"TSLA",933.43,"sell","cacd7f71-a78e-45be-86ef-0c0da324d291","2022-01-26T14:55:46",10,5
"ETR",108.62,"buy","6a614eec-cc0b-4ca1-8a07-bd5edc4814b2","2022-01-26T15:35:13",11,3
"SBUX",95.78,"sell","8ff110dd-e539-48c4-bd15-564307fffc6c","2022-01-27T09:20:39",1,10
"CSV",49.37,"sell","d4fca216-99dd-4c16-818c-9c3c7a8fc42d","2022-01-27T11:00:12",13,1
"L",58.39,"sell","e76f15c4-f2f6-43db-923b-6cb51d69b79d","2022-01-27T11:11:46",6,1
"MET",65.64,"buy","09fcb3af-9cf2-4bb3-b8dd-a1737eb399d4","2022-01-27T11:40:22",3,14
"ETR",108.91,"buy","0bf62b16-8893-4d70-af96-e9cecf0f7af9","2022-01-27T15:26:04",5,6
"TSLA",919.15,"sell","d25845be-f76d-49ec-9bdc-095863a1e61b","2022-01-31T12:26:00",3,12
"TSLA",885.35,"buy","5befe47e-724a-466c-85d7-33735b4963aa","2022-01-31T12:30:11",7,17
"SBUX",97.6,"sell","3198c93a-9a74-4d25-85d8-860b8fdf882f","2022-01-31T12:32:22",10,2
"ETR",111.23,"buy","6bb38943-0578-43ad-81e3-9b3fb69ca79a","2022-01-31T13:49:10",2,9
"SBUX",97.93,"buy","fe55fd66-68a1-4047-91aa-066a7527cda6","2022-01-31T15:32:57",5,15
"ETR",111.75,"sell","3db62fe6-7070-4fd7-81c0-8fab10ee4635","2022-02-01T14:42:35",13,11
"TSLA",924.87,"buy","9fa605ac-774d-4647-a1f6-f8d7537648c5","2022-02-01T15:12:15",1,11
"MET",68.02,"buy","b5c4fca2-723a-4ff6-82fc-b466a5cd93c6","2022-02-02T09:34:30",13,14
"CSV",48.98,"buy","ca23b1e4-68b0-428c-ab54-b04a3537af65","2022-02-02T11:50:10",1,8
"TSLA",891.18,"buy","8a4ae26d-7165-4b15-ab88-46363742a041","2022-02-02T12:04:27",5,6
"MET",67.52,"sell","7e404a52-9884-4ed8-8dea-81dcb5679eba","2022-02-02T12:05:11",3,6
"SBUX",96.73,"buy","f7935ca3-ec9c-4506-b991-50d45ee690dc","2022-02-02T12:05:36",7,9
"MET",69.63,"buy","5a9feb02-e35f-4de8-999a-c41ac6da7cef","2022-02-03T13:28:48",2,1
"ETR",112.32,"sell","82da8904-098e-48b4-a627-f10aa04405fd","2022-02-03T13:32:27",4,9
"SBUX",96.84,"buy","08380d47-ef1f-4676-9fe8-f5a6634db519","2022-02-03T14:57:22",8,9
"ETR",111.64,"buy","3f2b3bc9-ec48-459e-8348-5b45aab071b3","2022-02-03T15:23:21",10,13
"L",61.53,"buy","21bc0e4e-ed3f-48cf-8242-201ebac065e4","2022-02-03T15:44:14",1,5
"CSV",50.46,"sell","f714a62c-b878-4196-a2e5-6366468161c5","2022-02-07T11:14:43",4,2
"CSV",50.23,"sell","92f7a1e8-4025-434b-960b-00806741d84f","2022-02-08T09:01:07",1,7
"L",61.43,"buy","e8051696-1266-4f23-b895-05bf2f28896b","2022-02-08T10:39:18",13,1
"L",61.79,"buy","ddce7603-4977-4986-bcf8-9191ecb4276b","2022-02-08T11:35:27",6,2
"FB",216.63,"buy","f87df7ac-706a-4b05-ac99-41892fa78d4c","2022-02-08T14:00:13",12,6
"ETR",110.51,"buy","a28786cb-7640-4333-947d-400aca798b73","2022-02-08T14:02:51",2,7
"CSV",51.8,"buy","a2387b68-5e8b-4710-a753-6691d69a3308","2022-02-09T11:08:08",6,7
"ETR",110.8,"buy","cc573dff-a11e-4fd2-a0f3-2e323695f7b2","2022-02-09T12:23:34",2,15
"TSLA",938.99,"sell","f84ec6ac-244a-4492-827a-898e9a0cb9c3","2022-02-09T12:25:11",3,4
"MET",70.39,"buy","97fa4160-95e7-426b-adb2-85c1e371d2b2","2022-02-09T13:20:05",5,12
"FB",230.9,"sell","c6a96fbb-8460-41ef-9565-78f1cad06abc","2022-02-09T14:20:14",4,1
"ETR",111.43,"sell","ccfd66ab-96c1-400d-9b6d-5678deacfdc7","2022-02-09T14:49:49",8,1
"L",61.63,"sell","5347ce26-791a-4b8f-b496-4a9020834199","2022-02-09T15:26:01",7,7
"TSLA",942.95,"sell","d2582a9a-29bc-4778-a4ea-68272e86b063","2022-02-10T09:52:55",9,8
"CSV",51.99,"buy","b48d0de2-86d6-4870-97ea-65f259ea5493","2022-02-10T11:27:49",10,4
"ETR",109.31,"buy","10f93aad-e34c-4b8e-be75-a373285ebf1c","2022-02-10T13:08:38",11,4
"L",61.54,"buy","0dd2b2a6-0253-4be4-9cc8-0a37531157da","2022-02-10T13:10:08",4,10
"L",62.07,"buy","d346c263-4355-428a-bc3e-a0854ec2ca01","2022-02-10T14:01:27",12,4
"SBUX",95.49,"buy","8866adbc-0899-4854-8cd3-56c595351475","2022-02-10T15:49:28",7,13
"ETR",104.65,"buy","82257502-0168-4f4d-a74f-6032009f9a7e","2022-02-14T09:25:05",1,19
"TSLA",870.84,"buy","373b8506-4cae-417a-af58-84fbe4ef9139","2022-02-14T09:27:36",6,6
"FB",220.81,"buy","e0a9edc3-207e-4038-a8e5-2d87071835f8","2022-02-14T10:48:25",5,9
"ETR",104.86,"sell","3b96f71c-fac4-4beb-851a-b412f7368f1c","2022-02-14T11:02:23",10,1
"MET",70.65,"buy","f0ec2e0f-cbe5-47cf-816c-ebb52269816d","2022-02-14T11:33:09",3,15
"ETR",104.42,"buy","36608d9b-4d11-4722-947f-e89e68702d56","2022-02-15T10:14:28",7,16
"ABT",125.21,"sell","4da83cae-b16a-4c95-860c-17e398fd7e64","2022-02-15T14:43:27",2,7
"MET",71.48,"sell","47d6a841-1b47-4ee7-b53c-e20fec05f279","2022-02-15T15:02:37",5,8
"MET",71.6,"sell","531517a2-28d5-4636-9026-92352d42c66a","2022-02-16T09:22:24",13,14
"L",61.47,"sell","b49f93b1-08ea-47ac-8122-d7ea4a4c3646","2022-02-16T09:53:44",3,1
"CSV",51.74,"sell","57ca82b6-3fab-4fd8-bb43-f985f08e1655","2022-02-16T11:02:05",8,2
"L",61.87,"buy","39d094dc-6a00-471b-a611-cf511f2762e4","2022-02-16T11:51:25",14,8
"CSV",51.15,"buy","84b3eaec-0116-43ae-884f-d8a2fcfe246f","2022-02-16T14:01:51",4,19
"SBUX",93.93,"buy","ab8dec27-f7e3-478e-8228-0fedc17e2777","2022-02-16T15:31:31",2,11
"CSV",50.33,"buy","4cf5dbc0-819f-4d73-8c0c-c49ea7715101","2022-02-17T10:32:35",8,9
"MET",70.17,"sell","5861660a-b697-491f-a46f-9a60e3303415","2022-02-17T12:34:46",6,1
"ETR",104.27,"sell","67e611e2-bd06-4174-9ff7-1acd5c073beb","2022-02-17T14:57:20",2,1
"SBUX",93.97,"sell","166bfd15-9127-4c53-8bc3-00febf746f24","2022-02-17T15:01:25",5,8
"SBUX",93.0,"buy","f1f9f0b7-618d-40aa-adc7-db82ec02e16d","2022-02-22T09:49:40",3,10
"ABT",118.23,"buy","d57a8d7b-e8c4-4110-9f82-c86f6e6fc377","2022-02-22T09:51:41",10,14
"L",60.75,"buy","51df1d93-8c6a-4fd1-9233-6627f4c8a9a5","2022-02-22T13:53:26",8,17
"ABT",118.53,"buy","b301a857-edfd-4091-8bf9-fd7d3e33fdf8","2022-02-23T10:14:01",6,7
"FB",202.09,"buy","a0a094ab-35f5-4e4e-b83d-8d1adeec505d","2022-02-23T12:45:48",3,5
"ABT",117.22,"buy","9cab11dc-856d-47f3-adf2-f4bbadfa48ab","2022-02-23T13:04:08",4,6
"SBUX",89.79,"buy","1291d316-8157-4dd4-aa20-ee4a03d15e0b","2022-02-23T13:55:22",5,3
"ETR",104.24,"buy","111747c5-6b97-4f71-804e-eeb7597e56c8","2022-02-23T14:23:39",9,6
"L",57.82,"buy","b6b174f1-5181-43c8-bd50-c421dca9d469","2022-02-24T09:12:11",1,20
"MET",65.58,"buy","4d3b1f08-f313-444f-ad29-85899729893a","2022-02-24T11:31:25",13,8
"L",59.11,"buy","37564e9e-0b1e-4852-8d3f-631d5db53348","2022-02-24T14:34:30",5,4
"FB",201.82,"buy","49fa9270-6134-4ea0-a4e4-0d1b7a12563f","2022-02-24T15:33:43",7,5
"FB",211.25,"sell","a1cb4ae7-131d-43c9-8342-a2db26ceb27f","2022-02-25T10:53:55",9,1
"ETR",104.28,"buy","81a5d13e-395d-47ee-8bab-e5ff0e253242","2022-02-25T14:51:54",10,12
"ETR",104.56,"sell","c6a36e08-b7f9-4090-8785-0743d716c5a5","2022-02-25T15:41:58",11,2
"FB",211.11,"sell","b4ebb3f0-8900-453e-87d1-3d9a439eb380","2022-02-28T10:41:07",12,1
"ABT",119.3,"sell","91b7613e-d300-48c1-b3c1-ef2d134dde18","2022-02-28T10:53:24",10,6
"TSLA",847.07,"sell","a6c1b9b5-d1a3-49e0-80bd-727617dda300","2022-02-28T13:27:39",1,1
"SBUX",92.15,"buy","5cb8a0f1-9b73-4a74-af64-e457252b5648","2022-02-28T13:48:25",3,8
"ABT",119.5,"buy","e87f2d36-9f46-4644-bdce-ca26efdb9f30","2022-02-28T14:18:45",6,20
"FB",208.9,"buy","a052742d-b2af-447f-9684-38dc60a44805","2022-02-28T15:01:22",11,20
"ETR",104.46,"sell","c2d7c947-1614-493a-9991-6304b073cbd9","2022-03-02T10:15:46",4,1
"FB",204.27,"sell","a81860c3-10e8-408e-9d04-32ac6bb3608c","2022-03-02T12:39:38",10,3
"TSLA",846.07,"buy","5abbd48f-1634-454e-8707-66d923885433","2022-03-02T13:22:02",14,13
"TSLA",882.11,"sell","55ea032a-ab75-4605-8cfe-0d3edd17b927","2022-03-03T10:40:27",8,13
"L",61.7,"buy","045e37e9-2919-43aa-baaf-9aab319ae2b5","2022-03-03T13:17:49",14,14
"L",61.88,"buy","5d9ccecc-6f56-4fa7-b0fe-b7466187c6cc","2022-03-03T13:50:09",2,9
"TSLA",841.43,"buy","88d22585-84a5-4d1f-bba2-8cd1f57fc2e0","2022-03-03T14:19:22",1,3
"MET",64.71,"sell","504c4138-7fbc-4406-9471-41f7d7960e94","2022-03-04T12:12:16",1,1
"FB",201.4,"buy","2d9d6280-7f5c-4a47-b62d-33dd4636b013","2022-03-04T14:02:00",3,9
"CSV",50.3,"buy","c33eedd0-201a-4e0f-8fa0-702f3bb20032","2022-03-04T14:31:09",13,10
"ABT",118.67,"buy","cc59935b-ce08-4066-92b9-77a8aad59fe7","2022-03-07T12:36:49",10,11
"ABT",117.55,"buy","f2380587-a2c6-4fcf-b70b-780216281dc3","2022-03-07T14:05:21",14,9
"FB",195.47,"sell","eb9481e7-5400-4d16-95e9-c70363e63ef6","2022-03-07T14:16:22",3,6
"FB",187.79,"buy","24496955-80bf-4ed7-b3f3-56b507e5cd9e","2022-03-07T14:23:54",9,16
"MET",62.3,"buy","3f6821b7-6f9c-44b0-b0d3-dbc2da514ea4","2022-03-07T14:58:57",13,13
"ETR",111.74,"sell","479a7958-8172-487a-834e-503c857a9c0f","2022-03-07T15:22:27",12,4
"FB",200.46,"sell","c97b2e13-f026-46bf-a709-d39ca14f5ddf","2022-03-07T15:42:20",8,10
"MET",64.56,"sell","69b7e697-e465-44d4-b344-b11f1537c3eb","2022-03-09T09:33:55",2,1
"FB",194.59,"sell","de0dc191-e6ce-47e9-818a-becb3d1b369d","2022-03-09T09:50:16",3,1
"L",61.12,"buy","7c0a99d1-dcdf-42a5-bc59-48f7d0815819","2022-03-09T10:44:43",1,19
"CSV",51.46,"sell","75826849-5ca1-4750-95ea-bdd0faa0d1ab","2022-03-09T12:57:08",5,1
"ABT",116.95,"sell","7f809190-0f08-475a-b330-9cdf80f2993c","2022-03-09T14:31:57",4,2
"L",60.38,"sell","574423ee-9918-4861-b213-56cc32edf1da","2022-03-10T10:54:56",8,4
"FB",193.83,"buy","ba9dc517-e9ba-497e-ada6-2290ccd67ea4","2022-03-10T11:26:52",13,12
"MET",64.18,"sell","0b41b7d2-a53b-488f-9bbd-51be2b06e9da","2022-03-10T12:08:06",12,1
"FB",193.5,"buy","9e044568-7afb-45d8-adf4-8ed94f606df1","2022-03-10T15:10:04",3,8
"L",60.63,"sell","d3f2a231-d038-44e8-9f2e-b0d759dd51af","2022-03-10T15:55:16",6,2
"TSLA",834.42,"sell","37955c01-c907-47cb-9583-b51d7067be19","2022-03-11T09:09:21",7,10
"MET",65.51,"buy","700ddb81-45b5-422f-8201-dedeeb3b5c96","2022-03-11T10:41:52",14,9
"ABT",116.63,"sell","2e8a436f-6701-4865-8075-18e1d211c4c4","2022-03-11T12:47:47",6,6
"FB",190.76,"buy","18bd7ab6-0fd1-4e60-a90e-2a61a88be57b","2022-03-11T12:55:19",5,5
"MET",64.26,"buy","15031db9-5b41-4372-bea9-ff675f114472","2022-03-11T13:33:40",3,5
"ETR",108.3,"buy","925ad4e3-afac-4bb4-ab5b-4cc1152cd6c6","2022-03-11T15:10:21",1,6
"L",61.22,"sell","4ce4ad6a-9682-428d-af41-f12ed2455225","2022-03-14T10:28:13",11,4
"ABT",115.86,"buy","170bddf6-8cbe-4b98-ba29-67246d08ea59","2022-03-14T12:18:15",10,12
"FB",190.77,"sell","832b5ec8-2aac-4c36-aea9-9c516c8ecefc","2022-03-14T12:32:19",6,4
"CSV",52.2,"sell","5cd68d2c-b6f4-4817-9d4f-2f8deb13b0ed","2022-03-14T12:43:12",7,9
"FB",191.53,"sell","8d07d90e-8af8-41d9-b7df-0c3ebc48278b","2022-03-14T14:26:57",1,2
"ABT",116.53,"buy","97b510ac-56d8-431a-be77-24d241215903","2022-03-14T15:24:26",8,2
"ABT",118.89,"sell","6a3d116b-f768-45a8-9a7f-969e19925365","2022-03-16T10:31:12",14,7
"FB",197.75,"buy","26a377d0-d61d-4647-afb0-3cef66170467","2022-03-16T10:35:44",1,9
"ETR",109.63,"buy","3b0869b7-baee-4e41-81f7-45c0663411a6","2022-03-16T12:05:38",11,15
"CSV",54.55,"buy","26e07e11-374f-437b-9564-f6b9688d6306","2022-03-16T12:45:41",5,5
"ETR",110.33,"buy","33464a94-269f-4b09-8b2d-57bb09251e66","2022-03-16T12:47:49",3,18
"FB",198.37,"buy","95199ed3-6847-4d02-a950-add69727d053","2022-03-16T15:34:31",8,11
"MET",66.92,"buy","d1298ea3-1b76-4322-8253-ce888844ced5","2022-03-16T15:51:49",7,2
"CSV",54.84,"buy","1bb7ffe9-dec0-4f1b-9a42-15f25f08ff79","2022-03-17T09:48:54",2,10
"L",62.63,"sell","0b2ab7f6-dabd-4026-924b-ff45bb88cecb","2022-03-17T10:33:34",7,5
"CSV",54.28,"sell","931b0b40-67fe-419a-bd2b-4dded3aa577a","2022-03-17T14:40:24",5,4
"ETR",110.67,"buy","4038ff62-c4cc-44ff-8cfc-71462f44d551","2022-03-17T15:56:23",10,19
"TSLA",891.34,"sell","9e774fff-26dc-425a-bcb1-6f6d8f343059","2022-03-18T09:51:38",14,8
"FB",213.64,"buy","713d1569-95a9-41a5-8443-0b386d435663","2022-03-18T10:07:44",3,5
"ABT",121.98,"buy","2a40f338-13e9-46b8-927b-30f198b15353","2022-03-18T11:04:43",13,15
"SBUX",86.37,"buy","8d56c2fd-b4e7-475c-98ee-f389bd77db98","2022-03-18T13:03:14",8,6
"CSV",55.24,"buy","7b0d1de4-3a26-45d3-9523-5c7a92306388","2022-03-18T13:17:08",1,2
"FB",207.77,"buy","9e4af4d3-2ec3-459c-931d-ce66484768dd","2022-03-18T14:46:42",11,11
"ABT",121.98,"sell","eae56c02-3370-41b3-8107-1032ed42d3a8","2022-03-18T15:16:12",5,1
"SBUX",88.28,"buy","e8226ea4-6005-46a5-8752-a048e58805dc","2022-03-21T09:52:11",8,10
"ABT",122.46,"sell","e9451c6d-617b-4b04-8987-b6a7e65bed1b","2022-03-21T10:58:02",14,1
"ETR",109.96,"buy","f379edd9-8cd8-4750-a98a-c8d3e66546b0","2022-03-21T11:43:22",1,20
"SBUX",88.83,"buy","88e1fd8a-8b59-4b6e-a6a2-b8357c4d393e","2022-03-21T13:40:09",10,11
"L",63.97,"buy","cf72390b-7a4a-4c38-a79e-f1c7fb5d4261","2022-03-21T15:07:44",9,14
"MET",69.39,"sell","cf1e9134-2451-4b87-b74b-14b8f8f98df5","2022-03-23T09:37:38",6,1
"TSLA",1001.09,"buy","9474174b-6693-4a79-8fae-e0a64259094f","2022-03-23T11:31:29",4,20
"TSLA",1016.17,"sell","5e369032-5ef0-451c-8b16-b67abe0ca115","2022-03-23T11:40:30",3,1
"FB",215.28,"sell","c924ae4a-5180-4fcf-8eee-b6841627adbc","2022-03-23T12:58:09",5,3
"SBUX",86.27,"buy","a99ffd71-ebce-4287-872f-295e13352450","2022-03-24T10:41:32",5,19
"ABT",116.66,"buy","419ae199-2d11-4cce-9eb6-a80ceccf28b9","2022-03-24T13:26:07",8,12
"L",64.57,"sell","d60b307b-7556-484f-8a26-870105f5b425","2022-03-24T14:45:38",10,1
"CSV",54.03,"buy","d400370b-e390-4553-a3f9-cac4adc9b93a","2022-03-25T11:22:47",9,18
"MET",71.24,"buy","5e27cae6-7a5e-4470-96c6-d55eee7dc170","2022-03-25T11:31:41",3,17
"TSLA",999.92,"buy","ad998dd3-47e0-4a03-a2fc-c898be2d34af","2022-03-25T14:11:38",10,7
"ABT",118.19,"buy","0a03a040-3221-493f-8f7b-980642c35f4f","2022-03-25T14:26:53",1,13
"FB",225.42,"buy","748ee897-9562-4a61-b80e-5ebc84698044","2022-03-25T14:56:31",4,6
"FB",219.7,"buy","97f72f89-b9bf-4923-9e70-b17383aa59b7","2022-03-25T15:31:23",11,4
"SBUX",87.19,"buy","2741b2f2-e2ec-4404-9d17-d23267fd9d6f","2022-03-25T15:41:29",2,5
"MET",71.14,"sell","c1c3b24f-7a21-408e-9baf-8fce813db7ff","2022-03-28T10:38:28",7,1
"ETR",114.7,"sell","69530f0c-515d-41fc-aaac-3bf8e2ffabab","2022-03-28T11:52:22",14,7
"ETR",113.91,"buy","e0c21d8d-6646-4c32-8492-d6212a0b759e","2022-03-28T13:21:09",13,1
"SBUX",90.92,"sell","21a873a6-351f-4309-a887-271b628e6676","2022-03-30T12:45:12",4,1
"TSLA",1093.08,"sell","0bf02458-7d9f-4ed9-a48b-6a60827637a9","2022-03-30T13:07:17",6,1
"ABT",119.7,"buy","c5606b6c-19ff-4f15-b17d-1ce4b5eca836","2022-03-30T15:06:11",13,3
"L",65.03,"buy","cfd33fb8-07c4-4942-99de-533d471908ea","2022-03-31T10:02:20",4,2
"L",65.24,"sell","1aa3e91e-075c-4407-9bf2-0771a85f8c42","2022-03-31T10:18:24",10,1
"CSV",52.72,"buy","28357913-6ea2-4131-a444-a434a89d38ce","2022-03-31T10:41:50",5,3
"L",65.36,"sell","7eaba8f3-b04d-435e-b955-71c7ed79c52a","2022-03-31T14:50:51",2,4
"CSV",53.73,"buy","42097518-01df-4702-94cd-1bf5324ddf65","2022-03-31T15:20:35",7,20
"FB",224.94,"buy","b9f815d1-3162-4fc4-bba5-87cadbc926de","2022-04-01T11:46:01",10,14
"ETR",118.3,"buy","61cb58d2-c5c3-4b1f-89f8-471a4cc77d94","2022-04-01T12:27:30",8,9
"TSLA",1073.75,"sell","a7594f54-f1cc-4e03-a97d-4726cac2ff35","2022-04-01T13:26:52",2,3
"ABT",118.33,"sell","1ba87eb5-a672-4994-bc22-a2b6190d768e","2022-04-01T15:46:30",6,14
"CSV",51.77,"buy","a5e47081-9fde-436b-a58c-58a6fb08c2bb","2022-04-04T09:56:39",3,16
"L",65.01,"buy","fb3dd863-d7fd-4516-84d2-41138b8ec2b2","2022-04-04T11:37:44",6,15
"CSV",52.13,"sell","67c81e03-7e47-4767-97e8-8d64f3b91ae1","2022-04-04T14:27:43",13,1
"TSLA",1132.11,"buy","ffac92d0-965f-4ba5-aaac-fab5cc27551d","2022-04-04T15:01:31",11,8
"CSV",50.92,"buy","457e47dc-1530-4bc3-9e03-029db20b89ed","2022-04-04T15:44:24",12,17
"TSLA",1078.92,"buy","f2881683-ec1f-431b-9f81-94150f7eb604","2022-04-06T10:15:14",1,11
"SBUX",83.46,"sell","4cfc713d-86a4-4c33-bb01-ff3ae8fa7ddb","2022-04-06T15:18:38",12,1
"ETR",123.69,"buy","5fa599f0-3362-4349-8ce2-d1035c38947e","2022-04-06T15:33:04",3,1
"CSV",52.43,"buy","586a5848-10f5-40bd-82d6-814f79a506dd","2022-04-06T15:35:29",10,6
"TSLA",1038.81,"sell","6567a481-9304-403c-ac6a-01d558529c8a","2022-04-07T09:07:39",3,1
"FB",224.52,"sell","bf577469-91f2-48a6-912a-b9f79c724da3","2022-04-07T09:32:20",11,1
"CSV",51.81,"sell","ab2e59de-c727-4a11-9149-0a67c9f2fe1f","2022-04-07T10:14:51",8,4
"ETR",121.61,"buy","acb71bd7-9b60-4654-8b11-8ad21aa6016e","2022-04-07T10:50:11",9,11
"ETR",123.73,"buy","2c9b830b-43c4-416f-a80d-d4422e889f7a","2022-04-07T12:55:43",7,8
"SBUX",81.77,"sell","ceeafcfb-9b70-43e3-9ab7-edb64ef41826","2022-04-07T15:51:01",2,3
"L",63.92,"buy","900e0f97-aece-46d2-953d-a9155232e493","2022-04-08T10:18:33",11,7
"MET",70.9,"sell","256183fc-440a-4c57-9865-0024557832ec","2022-04-11T09:18:40",11,1
"CSV",51.04,"buy","4f26738c-6d53-4ab9-a0c5-c88ae4077c34","2022-04-11T11:21:04",2,19
"ETR",122.39,"buy","aab4f17b-104e-4b10-9376-d5a3c2eda02f","2022-04-11T12:41:40",7,17
"TSLA",999.98,"buy","5c1e3214-b25e-43f7-b2e8-c6b58fb3dd94","2022-04-11T12:52:20",10,16
"SBUX",81.19,"sell","dff26514-0d43-4a75-a0bb-54e8053e541c","2022-04-11T12:55:44",1,1
"SBUX",80.85,"sell","7c420b3b-dfbb-4c51-b8d3-553c382c038b","2022-04-11T14:08:30",5,9
"ETR",123.31,"buy","77a268b9-a36f-4d6d-a912-5645f992ee18","2022-04-11T14:46:42",4,15
"L",65.07,"sell","63ef084b-ca49-49c4-885c-d09845714a48","2022-04-11T15:57:14",14,5
"CSV",51.64,"sell","6ed5de81-f634-45f5-a7cd-ce7e6e711bd2","2022-04-12T09:06:27",5,3
"CSV",51.28,"sell","6b8c248c-71e3-456b-989a-6c7739d7a411","2022-04-12T10:09:48",3,11
"FB",215.01,"buy","24297ff4-7b66-433b-8410-f96e89c7ef44","2022-04-12T13:01:11",8,9
"ETR",122.96,"sell","055c4b31-d68e-46d9-b6ec-89cb9cc46ffd","2022-04-12T13:03:46",4,4
"FB",216.1,"sell","d1925a69-ddc6-4dfb-90e3-806d089e205b","2022-04-12T13:52:57",6,1
"ABT",119.44,"sell","51c283f6-8149-4f14-9dd6-d98edac03a43","2022-04-14T09:09:00",12,7
"ABT",118.83,"sell","d9763625-0cb4-49a4-879b-244c351430bb","2022-04-14T10:56:36",11,7
"FB",214.04,"buy","9cc7187f-621f-40f6-9642-6d930508d092","2022-04-14T12:10:21",3,11
"MET",70.37,"sell","84f04f93-bf6c-42fa-abe0-5bd2c718fa89","2022-04-14T14:10:28",1,2
"ABT",117.34,"buy","452c8d11-5317-43b3-bf20-de6f242405ef","2022-04-18T09:15:02",4,2
"FB",208.88,"buy","36d3c973-f8f5-46c9-a628-1719725f5058","2022-04-18T10:23:35",7,7
"MET",70.67,"sell","0e344aa5-946a-4a36-8ed0-492b432b9e98","2022-04-18T10:33:20",3,17
"MET",71.37,"buy","3bf2d1fd-d683-4b2c-9efb-935195011b01","2022-04-18T13:02:10",13,10
"L",65.17,"buy","7410b720-7568-45a8-bd97-2b6e97886ccd","2022-04-18T13:23:53",5,13
"TSLA",982.52,"sell","8b5cf2f4-a445-44c9-a409-bb01b2f93ff1","2022-04-18T14:54:10",6,4
"MET",71.86,"buy","a95609dc-eee9-42db-bd36-b35ab431d86c","2022-04-19T10:28:58",11,6
"TSLA",1029.55,"sell","c9f7e5f8-6297-49b6-9850-51a9ca9ad282","2022-04-19T11:56:38",5,1
"SBUX",81.2,"sell","49356941-2c83-4902-afd1-fe73fdea3946","2022-04-19T14:18:46",13,5
"SBUX",79.61,"buy","d1539f93-7ecc-4189-a80f-556a2fdaf525","2022-04-19T15:00:56",1,20
"SBUX",79.71,"sell","74de92f1-5e28-400b-a710-6215603158a8","2022-04-19T15:24:03",2,1
"MET",72.48,"buy","62c285d8-c072-4584-b8db-ffc077812383","2022-04-20T12:45:43",6,7
"ABT",119.85,"buy","44ae93b6-b246-414a-a696-45ad8fe1ce66","2022-04-20T14:53:21",2,10
"L",66.29,"buy","70849648-0ccc-43b0-b6e4-aae1554f60bc","2022-04-20T15:29:04",7,11
"MET",71.4,"sell","6f497c79-a61f-4513-a90a-d33c5f5fa94b","2022-04-22T10:48:17",10,7
"CSV",49.56,"buy","75f0a7e0-27b8-45ea-adac-237641d0907f","2022-04-22T12:56:55",2,5
"CSV",51.47,"sell","d795fe8b-0ef4-4093-b838-2bb15e09157c","2022-04-22T14:27:08",4,1
"ABT",122.42,"buy","ccb3fe3a-8c66-4110-acc5-a19314727474","2022-04-22T15:24:27",3,12
"ETR",123.7,"sell","e9576feb-9850-41db-90a5-6210a6e9e9fe","2022-04-25T09:38:49",5,4
"MET",66.78,"sell","92aaf54e-28e4-4426-80dd-df8d6c7ca0bc","2022-04-25T09:43:23",11,1
"CSV",49.08,"buy","06e544fc-5c9a-4d22-9b8a-40212d84bbe4","2022-04-25T09:51:52",1,15
"SBUX",77.66,"sell","13266979-2029-45d6-a3ea-c93874d4ba49","2022-04-25T10:43:05",10,9
"TSLA",986.18,"buy","7a200979-eec7-4df3-b7d5-89c9570879bf","2022-04-25T12:02:39",2,12
"SBUX",77.55,"buy","1683069a-b209-446c-b705-7c1755a2dfa2","2022-04-25T12:13:37",3,7
"ABT",119.77,"buy","e0049a48-610e-419f-88bd-2e97114ec5a8","2022-04-25T12:29:45",7,5
"MET",67.23,"buy","c04189dc-8bb6-4281-ae06-f26b9dae8580","2022-04-25T13:47:31",14,7
"SBUX",77.19,"sell","15a0c90f-4e0c-41ba-9f3a-64e8b800cab2","2022-04-25T15:14:57",9,4
"ETR",122.2,"buy","a1b3c64c-88aa-4f39-bc81-5906619b37c5","2022-04-26T10:41:21",4,10
"FB",184.87,"buy","981500b8-427d-4d48-a628-e99e55fba8eb","2022-04-26T11:48:29",13,9
"MET",68.26,"sell","3f815530-159e-45ff-b4da-715ee5428544","2022-04-26T12:36:03",6,6
"TSLA",875.56,"sell","0bac0251-1a70-4276-9771-dd1300b895c9","2022-04-26T15:42:37",10,16
"TSLA",913.9,"buy","03db6918-722d-47b8-9589-deca0eca07b5","2022-04-27T09:55:45",11,2
"CSV",49.07,"sell","d97eeb43-a40b-4e65-a457-c2edea88c14d","2022-04-27T10:32:05",9,1
"MET",67.09,"buy","eb5d968a-29be-4f0a-9c5a-ed5fe2f6d170","2022-04-27T11:34:34",4,14
"ABT",117.7,"sell","740b4f1e-d1f3-4f8f-be27-2f1f61ee5c2b","2022-04-27T11:38:57",5,1
"FB",204.02,"sell","8a085d0d-2d6b-4121-8b57-05201e5845c4","2022-04-29T09:29:51",5,1
"SBUX",75.03,"sell","b043a16f-b711-4a60-9209-5dde57e9bd90","2022-04-29T10:00:32",4,8
"L",62.68,"sell","37891455-c3ad-4084-b655-2e7e836f640c","2022-04-29T10:01:02",10,3
"TSLA",904.41,"buy","dfd0f104-12e4-492c-9a0b-83ec0efa478f","2022-04-29T11:44:35",11,19
"TSLA",930.55,"sell","f6e27151-3464-465a-9f7f-65557e05b790","2022-04-29T12:40:19",13,10
"MET",67.57,"sell","cfa250ad-83fa-4ba7-bb7a-8d4cbd7f7396","2022-04-29T14:08:00",1,8
"CSV",42.58,"buy","428eab3e-4466-4d2f-b5be-8bfc6f1fc37b","2022-04-29T15:11:23",3,3
"ETR",119.02,"sell","7cdda1ff-7092-4b55-b1d9-e34802dfd0c2","2022-04-29T15:26:37",7,1
"MET",64.96,"buy","a95393d8-0ef8-44ab-854f-b87961a2950b","2022-05-02T10:00:45",1,1
"ETR",117.07,"sell","3101a286-366b-40b2-9874-b7d01433bfd5","2022-05-02T10:15:48",8,8
"MET",65.62,"sell","41950686-834b-43d3-8ecb-c7f9fc0ce96c","2022-05-02T13:41:58",7,1
"FB",213.6,"buy","c8189474-3ac6-49d3-b85d-8f341d999732","2022-05-03T09:07:01",5,12
"CSV",41.32,"sell","90ce9f4f-df34-4a01-b446-1bbd76933fc0","2022-05-03T09:45:55",3,1
"TSLA",894.85,"buy","184c60ce-6190-4040-ae33-9fe2407f5fbf","2022-05-03T09:52:37",10,10
"CSV",41.09,"sell","2755203c-2b8a-49f3-b080-a6b11c10ce08","2022-05-03T13:41:12",1,9
"SBUX",74.86,"buy","516eb17e-45db-49c4-93e9-97c4c1ae80c0","2022-05-03T15:09:01",2,16
"ABT",113.1,"sell","6d52f64b-b6d6-4df3-95fc-4e8c01e89d04","2022-05-04T09:21:15",4,1
"L",64.85,"buy","442390d8-03d1-4bbd-ad87-0b44d951a370","2022-05-04T11:29:50",5,1
"MET",66.53,"buy","3653220b-1596-4e2c-bcb8-131c67377974","2022-05-04T12:21:14",6,19
"MET",66.93,"buy","6d513f73-137c-4526-97e7-e25bd65c38aa","2022-05-04T12:28:52",14,14
"TSLA",931.67,"buy","c33c4478-af09-4db7-8602-4103f395d85a","2022-05-04T12:54:12",12,11
"ABT",111.75,"sell","c3f8cf91-3890-4fef-ad9a-1fa6b9f37083","2022-05-04T15:19:51",8,2
"ETR",118.79,"buy","9fccfdca-1b9b-44fb-98cc-f47a042ffb42","2022-05-06T09:50:05",13,2
"MET",67.31,"sell","7206eecd-29f1-4efc-8517-a3880f9d7430","2022-05-06T10:45:03",9,13
"ETR",119.04,"sell","84057b8e-c056-44e8-815e-df9dff764c70","2022-05-06T11:58:47",14,1
"FB",207.04,"sell","160f1929-98d2-4558-8a65-f9477888df67","2022-05-06T12:40:05",1,9
"SBUX",77.12,"sell","7fecbae5-be8a-41ed-a8aa-41d5400cf866","2022-05-06T13:41:25",6,2
"FB",202.93,"sell","65d23944-2647-452a-aacf-39f77a952c33","2022-05-06T14:33:42",3,4
"ABT",113.0,"buy","cd164a89-d458-4436-939a-e741b3316fe5","2022-05-06T14:50:53",4,6
"SBUX",76.25,"sell","69ad20cf-7a43-4ecd-9a6e-674ae3977ffb","2022-05-06T15:54:16",5,5
"L",64.52,"buy","4f836ef6-25a6-45ae-8905-3374c77e0167","2022-05-09T09:39:02",13,1
"CSV",39.86,"sell","78dbe2b1-31d6-40e7-b35b-7b3b982f647e","2022-05-09T10:24:32",8,4
"L",62.86,"buy","7e9576ec-ac74-419e-9a52-b47051c0077b","2022-05-09T12:30:38",9,9
"CSV",39.88,"buy","c2495743-0026-4995-9a41-fa5a2bf20b46","2022-05-10T09:44:35",2,11
"MET",65.43,"buy","a3f21bd1-76ff-4af0-8736-86a973e2c040","2022-05-10T11:45:30",3,16
"SBUX",73.99,"sell","950f3a2e-3d54-4803-96a1-198189863ece","2022-05-10T14:31:48",7,1
"L",63.57,"sell","1cb09802-4e5d-40e6-8754-5ee60e4f38a6","2022-05-11T09:39:44",2,3
"SBUX",71.42,"buy","7367ba1c-d23f-469f-9d60-683dec8ec406","2022-05-11T10:19:54",6,12
"ETR",118.5,"buy","2b3f2c21-59d5-4131-bf55-b7c7b80599a0","2022-05-11T10:22:00",3,2
"MET",64.71,"sell","f876eaf5-ae3d-4c35-b8b0-9dab6e17bb3f","2022-05-11T13:33:55",10,1
"MET",65.94,"sell","8ae98a92-6a17-48fc-a3e5-4df7fe571388","2022-05-11T14:49:33",11,3
"CSV",40.2,"buy","5c273bfa-4d27-47ab-b993-6285f2de269b","2022-05-11T15:16:08",1,4
"L",63.14,"sell","4b682e7e-a5c2-4c5e-8fe9-227c1bc2c2da","2022-05-13T09:32:16",9,4
"ETR",116.68,"buy","7f7e5946-9d6e-486d-9f5d-b3eafa117dcf","2022-05-13T13:14:08",10,6
"MET",63.77,"buy","f9ae8681-a9d4-4477-87f8-d3204e3d0756","2022-05-13T13:31:06",8,18
"ABT",108.15,"sell","9fd2884c-37f5-4497-a909-87b1b6518764","2022-05-16T10:01:47",13,1
"ABT",107.93,"sell","5d22a413-40b7-4a85-bbde-99cdc901e1ea","2022-05-16T10:45:38",11,5
"CSV",39.49,"buy","46b30ec4-badb-4c82-9d26-9d6e7f24168a","2022-05-16T15:52:05",5,4
"L",64.76,"buy","30017041-33de-442b-84aa-8998bdfe7106","2022-05-17T09:02:13",1,1
"ABT",112.67,"buy","b1b4f628-459b-4c8e-9438-d479c2977c70","2022-05-17T09:39:40",4,20
"CSV",40.63,"sell","30cdf291-0630-47e3-9d5a-e3bf493ea851","2022-05-17T09:49:51",7,7
"ABT",112.07,"buy","da396f0c-2121-4ddb-922d-544eec93d13f","2022-05-17T10:47:39",10,10
"ABT",115.05,"buy","3cdc785f-b7f1-44a0-af5a-626fc727014f","2022-05-17T12:16:33",14,6
"ABT",113.68,"buy","d701a6b4-ab73-40f3-b88f-9ac802c564f0","2022-05-17T12:25:36",6,3
"ABT",112.11,"sell","524d277b-4d8d-4034-934b-c9691886f923","2022-05-17T13:39:11",11,3
